<?xml version="1.0"?>
<doc>
    <assembly>
        <name>Avaliação 02</name>
    </assembly>
    <members>
        <member name="T:Avaliação_02.aluno">
            <summary>
            Interação lógica para aluno.xam
            </summary>
            <summary>
            aluno
            </summary>
        </member>
        <member name="M:Avaliação_02.aluno.InitializeComponent">
            <summary>
            InitializeComponent
            </summary>
        </member>
        <member name="T:Avaliação_02.App">
            <summary>
            Interaction logic for App.xaml
            </summary>
            <summary>
            App
            </summary>
        </member>
        <member name="M:Avaliação_02.App.InitializeComponent">
            <summary>
            InitializeComponent
            </summary>
        </member>
        <member name="M:Avaliação_02.App.Main">
            <summary>
            Application Entry Point.
            </summary>
        </member>
        <member name="T:Avaliação_02.avaliacao">
            <summary>
            Interação lógica para avaliacao.xam
            </summary>
            <summary>
            avaliacao
            </summary>
        </member>
        <member name="M:Avaliação_02.avaliacao.InitializeComponent">
            <summary>
            InitializeComponent
            </summary>
        </member>
        <member name="T:Avaliação_02.ClassFuncoes">
            <summary>
            Classe responsável por funções auxiliares na aplicação.
            </summary>
        </member>
        <member name="M:Avaliação_02.ClassFuncoes.AjustaIdiomaRegiao">
            <summary>
            Ajusta a cultura e o idioma da aplicação com base nas configurações.
            </summary>
            <remarks>
            Este método lê as configurações de idioma e região a partir do arquivo de configuração e aplica as mudanças à cultura atual.
            </remarks>
        </member>
        <member name="T:Avaliação_02.colaborador">
            <summary>
            Interação lógica para colaborador.xam
            </summary>
            <summary>
            colaborador
            </summary>
        </member>
        <member name="M:Avaliação_02.colaborador.InitializeComponent">
            <summary>
            InitializeComponent
            </summary>
        </member>
        <member name="T:Avaliação_02.Configurações">
            <summary>
            Interação lógica para Configurações.xaml
            </summary>
            <summary>
            Configurações
            </summary>
        </member>
        <member name="M:Avaliação_02.Configurações.InitializeComponent">
            <summary>
            InitializeComponent
            </summary>
        </member>
        <member name="T:Avaliação_02.frequencia">
            <summary>
            Interação lógica para frequencia.xam
            </summary>
            <summary>
            frequencia
            </summary>
        </member>
        <member name="M:Avaliação_02.frequencia.InitializeComponent">
            <summary>
            InitializeComponent
            </summary>
        </member>
        <member name="T:Avaliação_02.Home">
            <summary>
            Interação lógica para Home.xaml
            </summary>
            <summary>
            Home
            </summary>
        </member>
        <member name="M:Avaliação_02.Home.InitializeComponent">
            <summary>
            InitializeComponent
            </summary>
        </member>
        <member name="T:Avaliação_02.login">
            <summary>
            Interação lógica para login.xam
            </summary>
            <summary>
            login
            </summary>
        </member>
        <member name="M:Avaliação_02.login.InitializeComponent">
            <summary>
            InitializeComponent
            </summary>
        </member>
        <member name="T:Avaliação_02.logradouro">
            <summary>
            Interação lógica para logradouro.xam
            </summary>
            <summary>
            logradouro
            </summary>
        </member>
        <member name="M:Avaliação_02.logradouro.InitializeComponent">
            <summary>
            InitializeComponent
            </summary>
        </member>
        <member name="T:Avaliação_02.MainWindow">
            <summary>
            Interação lógica para a janela principal.
            </summary>
            <summary>
            MainWindow
            </summary>
        </member>
        <member name="M:Avaliação_02.MainWindow.#ctor">
            <summary>
            Inicializa uma nova instância da classe <see cref="T:Avaliação_02.MainWindow"/>.
            </summary>
        </member>
        <member name="M:Avaliação_02.MainWindow.ChangeLanguage(System.String)">
            <summary>
            Altera a linguagem da aplicação com base no código de cultura fornecido.
            </summary>
            <param name="cultureCode">O código da cultura, por exemplo, "en-US", "es-ES", "pt-BR".</param>
            <remarks>
            Este método recarrega a interface do usuário para refletir as mudanças de cultura.
            </remarks>
        </member>
        <member name="M:Avaliação_02.MainWindow.button_configuracoes_Click(System.Object,System.Windows.RoutedEventArgs)">
            <summary>
            Abre a janela de configurações no centro da tela.
            </summary>
            <remarks>
            Esta função é responsável por abrir a janela de configurações e aplicar quaisquer mudanças de idioma.
            </remarks>
        </member>
        <member name="M:Avaliação_02.MainWindow.ApplyLanguageChanges">
            <summary>
            Recarrega os recursos ou atualiza a interface conforme necessário após mudanças de idioma.
            </summary>
        </member>
        <member name="M:Avaliação_02.MainWindow.InitializeComponent">
            <summary>
            InitializeComponent
            </summary>
        </member>
        <member name="T:Avaliação_02.matricula">
            <summary>
            Interação lógica para matricula.xam
            </summary>
            <summary>
            matricula
            </summary>
        </member>
        <member name="M:Avaliação_02.matricula.InitializeComponent">
            <summary>
            InitializeComponent
            </summary>
        </member>
        <member name="T:Avaliação_02.Properties.Idioma">
            <summary>
              Uma classe de recurso de tipo de alta segurança, para pesquisar cadeias de caracteres localizadas etc.
            </summary>
        </member>
        <member name="P:Avaliação_02.Properties.Idioma.ResourceManager">
            <summary>
              Retorna a instância de ResourceManager armazenada em cache usada por essa classe.
            </summary>
        </member>
        <member name="P:Avaliação_02.Properties.Idioma.Culture">
            <summary>
              Substitui a propriedade CurrentUICulture do thread atual para todas as
              pesquisas de recursos que usam essa classe de recurso de tipo de alta segurança.
            </summary>
        </member>
        <member name="P:Avaliação_02.Properties.Idioma.txtAdministracao">
            <summary>
              Consulta uma cadeia de caracteres localizada semelhante a Administração.
            </summary>
        </member>
        <member name="P:Avaliação_02.Properties.Idioma.txtAdmissao">
            <summary>
              Consulta uma cadeia de caracteres localizada semelhante a Admissão.
            </summary>
        </member>
        <member name="P:Avaliação_02.Properties.Idioma.txtAlergia">
            <summary>
              Consulta uma cadeia de caracteres localizada semelhante a Alergia.
            </summary>
        </member>
        <member name="P:Avaliação_02.Properties.Idioma.txtAltura">
            <summary>
              Consulta uma cadeia de caracteres localizada semelhante a Altura (cm).
            </summary>
        </member>
        <member name="P:Avaliação_02.Properties.Idioma.txtAluno">
            <summary>
              Consulta uma cadeia de caracteres localizada semelhante a Aluno.
            </summary>
        </member>
        <member name="P:Avaliação_02.Properties.Idioma.txtAntebracoDir">
            <summary>
              Consulta uma cadeia de caracteres localizada semelhante a Antebraço Dir.
            </summary>
        </member>
        <member name="P:Avaliação_02.Properties.Idioma.txtAntebracoEsq">
            <summary>
              Consulta uma cadeia de caracteres localizada semelhante a Antebraço Esq.
            </summary>
        </member>
        <member name="P:Avaliação_02.Properties.Idioma.txtAnual">
            <summary>
              Consulta uma cadeia de caracteres localizada semelhante a Anual.
            </summary>
        </member>
        <member name="P:Avaliação_02.Properties.Idioma.txtAtendente">
            <summary>
              Consulta uma cadeia de caracteres localizada semelhante a Atendente.
            </summary>
        </member>
        <member name="P:Avaliação_02.Properties.Idioma.txtAulas">
            <summary>
              Consulta uma cadeia de caracteres localizada semelhante a Aulas.
            </summary>
        </member>
        <member name="P:Avaliação_02.Properties.Idioma.txtAvaliacao">
            <summary>
              Consulta uma cadeia de caracteres localizada semelhante a Avaliação.
            </summary>
        </member>
        <member name="P:Avaliação_02.Properties.Idioma.txtBairro">
            <summary>
              Consulta uma cadeia de caracteres localizada semelhante a Bairro.
            </summary>
        </member>
        <member name="P:Avaliação_02.Properties.Idioma.txtBicepsDir">
            <summary>
              Consulta uma cadeia de caracteres localizada semelhante a Biceps Dir.
            </summary>
        </member>
        <member name="P:Avaliação_02.Properties.Idioma.txtBicepsEsq">
            <summary>
              Consulta uma cadeia de caracteres localizada semelhante a Biceps Esq.
            </summary>
        </member>
        <member name="P:Avaliação_02.Properties.Idioma.txtCadastraravaliacao">
            <summary>
              Consulta uma cadeia de caracteres localizada semelhante a Cadastrar Avaliação.
            </summary>
        </member>
        <member name="P:Avaliação_02.Properties.Idioma.txtCadastrarColaborador">
            <summary>
              Consulta uma cadeia de caracteres localizada semelhante a Cadastrar Colaborador.
            </summary>
        </member>
        <member name="P:Avaliação_02.Properties.Idioma.txtCadastrarFrequencia">
            <summary>
              Consulta uma cadeia de caracteres localizada semelhante a Cadastrar Frequência.
            </summary>
        </member>
        <member name="P:Avaliação_02.Properties.Idioma.txtCadastrarLogradouro">
            <summary>
              Consulta uma cadeia de caracteres localizada semelhante a Cadastrar Logradouro.
            </summary>
        </member>
        <member name="P:Avaliação_02.Properties.Idioma.txtCadastrarMatricula">
            <summary>
              Consulta uma cadeia de caracteres localizada semelhante a Cadastrar Matrícula.
            </summary>
        </member>
        <member name="P:Avaliação_02.Properties.Idioma.txtCadastroaluno">
            <summary>
              Consulta uma cadeia de caracteres localizada semelhante a Cadastrar Aluno.
            </summary>
        </member>
        <member name="P:Avaliação_02.Properties.Idioma.txtCep">
            <summary>
              Consulta uma cadeia de caracteres localizada semelhante a CEP.
            </summary>
        </member>
        <member name="P:Avaliação_02.Properties.Idioma.txtCidade">
            <summary>
              Consulta uma cadeia de caracteres localizada semelhante a Cidade.
            </summary>
        </member>
        <member name="P:Avaliação_02.Properties.Idioma.txtCintura">
            <summary>
              Consulta uma cadeia de caracteres localizada semelhante a Cintura.
            </summary>
        </member>
        <member name="P:Avaliação_02.Properties.Idioma.txtCLT">
            <summary>
              Consulta uma cadeia de caracteres localizada semelhante a CLT.
            </summary>
        </member>
        <member name="P:Avaliação_02.Properties.Idioma.txtColaborador">
            <summary>
              Consulta uma cadeia de caracteres localizada semelhante a Colaborador.
            </summary>
        </member>
        <member name="P:Avaliação_02.Properties.Idioma.txtComplemento">
            <summary>
              Consulta uma cadeia de caracteres localizada semelhante a Complemento.
            </summary>
        </member>
        <member name="P:Avaliação_02.Properties.Idioma.txtConfiguracoes">
            <summary>
              Consulta uma cadeia de caracteres localizada semelhante a Configurações.
            </summary>
        </member>
        <member name="P:Avaliação_02.Properties.Idioma.txtCoxaDir">
            <summary>
              Consulta uma cadeia de caracteres localizada semelhante a Coxa Dir.
            </summary>
        </member>
        <member name="P:Avaliação_02.Properties.Idioma.txtCoxaEsq">
            <summary>
              Consulta uma cadeia de caracteres localizada semelhante a Coxa Esq.
            </summary>
        </member>
        <member name="P:Avaliação_02.Properties.Idioma.txtCpf">
            <summary>
              Consulta uma cadeia de caracteres localizada semelhante a CPF.
            </summary>
        </member>
        <member name="P:Avaliação_02.Properties.Idioma.txtData">
            <summary>
              Consulta uma cadeia de caracteres localizada semelhante a Data.
            </summary>
        </member>
        <member name="P:Avaliação_02.Properties.Idioma.txtDatadenascimento">
            <summary>
              Consulta uma cadeia de caracteres localizada semelhante a Data de Nascimento.
            </summary>
        </member>
        <member name="P:Avaliação_02.Properties.Idioma.txtDiabete">
            <summary>
              Consulta uma cadeia de caracteres localizada semelhante a Diabete.
            </summary>
        </member>
        <member name="P:Avaliação_02.Properties.Idioma.txtEmail">
            <summary>
              Consulta uma cadeia de caracteres localizada semelhante a E-mail.
            </summary>
        </member>
        <member name="P:Avaliação_02.Properties.Idioma.txtEntrada">
            <summary>
              Consulta uma cadeia de caracteres localizada semelhante a Entrada.
            </summary>
        </member>
        <member name="P:Avaliação_02.Properties.Idioma.txtEstagio">
            <summary>
              Consulta uma cadeia de caracteres localizada semelhante a Estágio.
            </summary>
        </member>
        <member name="P:Avaliação_02.Properties.Idioma.txtFim">
            <summary>
              Consulta uma cadeia de caracteres localizada semelhante a Fim.
            </summary>
        </member>
        <member name="P:Avaliação_02.Properties.Idioma.txtFrequencia">
            <summary>
              Consulta uma cadeia de caracteres localizada semelhante a Frequência.
            </summary>
        </member>
        <member name="P:Avaliação_02.Properties.Idioma.txtGravidez">
            <summary>
              Consulta uma cadeia de caracteres localizada semelhante a Gravidez.
            </summary>
        </member>
        <member name="P:Avaliação_02.Properties.Idioma.txtHome">
            <summary>
              Consulta uma cadeia de caracteres localizada semelhante a Home.
            </summary>
        </member>
        <member name="P:Avaliação_02.Properties.Idioma.txtID">
            <summary>
              Consulta uma cadeia de caracteres localizada semelhante a ID.
            </summary>
        </member>
        <member name="P:Avaliação_02.Properties.Idioma.txtIdaluno">
            <summary>
              Consulta uma cadeia de caracteres localizada semelhante a ID Aluno.
            </summary>
        </member>
        <member name="P:Avaliação_02.Properties.Idioma.txtIMC">
            <summary>
              Consulta uma cadeia de caracteres localizada semelhante a IMC.
            </summary>
        </member>
        <member name="P:Avaliação_02.Properties.Idioma.txtInicio">
            <summary>
              Consulta uma cadeia de caracteres localizada semelhante a Inicio.
            </summary>
        </member>
        <member name="P:Avaliação_02.Properties.Idioma.txtInstrutor">
            <summary>
              Consulta uma cadeia de caracteres localizada semelhante a Instrutor.
            </summary>
        </member>
        <member name="P:Avaliação_02.Properties.Idioma.txtLaudoMedico">
            <summary>
              Consulta uma cadeia de caracteres localizada semelhante a Laudo Médico.
            </summary>
        </member>
        <member name="P:Avaliação_02.Properties.Idioma.txtLogin">
            <summary>
              Consulta uma cadeia de caracteres localizada semelhante a Login.
            </summary>
        </member>
        <member name="P:Avaliação_02.Properties.Idioma.txtLogradouro">
            <summary>
              Consulta uma cadeia de caracteres localizada semelhante a Logradouro.
            </summary>
        </member>
        <member name="P:Avaliação_02.Properties.Idioma.txtMassaGorda">
            <summary>
              Consulta uma cadeia de caracteres localizada semelhante a Massa Gorda.
            </summary>
        </member>
        <member name="P:Avaliação_02.Properties.Idioma.txtMassaMagra">
            <summary>
              Consulta uma cadeia de caracteres localizada semelhante a Massa Magra.
            </summary>
        </member>
        <member name="P:Avaliação_02.Properties.Idioma.txtMatricula">
            <summary>
              Consulta uma cadeia de caracteres localizada semelhante a Matricula.
            </summary>
        </member>
        <member name="P:Avaliação_02.Properties.Idioma.txtMensal">
            <summary>
              Consulta uma cadeia de caracteres localizada semelhante a Mensal.
            </summary>
        </member>
        <member name="P:Avaliação_02.Properties.Idioma.txtNenhum">
            <summary>
              Consulta uma cadeia de caracteres localizada semelhante a Nenhum.
            </summary>
        </member>
        <member name="P:Avaliação_02.Properties.Idioma.txtNome">
            <summary>
              Consulta uma cadeia de caracteres localizada semelhante a Nome.
            </summary>
        </member>
        <member name="P:Avaliação_02.Properties.Idioma.txtNumero">
            <summary>
              Consulta uma cadeia de caracteres localizada semelhante a Numero.
            </summary>
        </member>
        <member name="P:Avaliação_02.Properties.Idioma.txtObjetivo">
            <summary>
              Consulta uma cadeia de caracteres localizada semelhante a Observações Restrição.
            </summary>
        </member>
        <member name="P:Avaliação_02.Properties.Idioma.txtObservacoes">
            <summary>
              Consulta uma cadeia de caracteres localizada semelhante a Observações.
            </summary>
        </member>
        <member name="P:Avaliação_02.Properties.Idioma.txtPais">
            <summary>
              Consulta uma cadeia de caracteres localizada semelhante a País.
            </summary>
        </member>
        <member name="P:Avaliação_02.Properties.Idioma.txtPanturilhaDir">
            <summary>
              Consulta uma cadeia de caracteres localizada semelhante a Panturilha Dir.
            </summary>
        </member>
        <member name="P:Avaliação_02.Properties.Idioma.txtPanturilhaEsq">
            <summary>
              Consulta uma cadeia de caracteres localizada semelhante a Panturilha Esq.
            </summary>
        </member>
        <member name="P:Avaliação_02.Properties.Idioma.txtPercentualGordura">
            <summary>
              Consulta uma cadeia de caracteres localizada semelhante a Percentual de Gordura.
            </summary>
        </member>
        <member name="P:Avaliação_02.Properties.Idioma.txtPeso">
            <summary>
              Consulta uma cadeia de caracteres localizada semelhante a Peso (kg).
            </summary>
        </member>
        <member name="P:Avaliação_02.Properties.Idioma.txtPesoIdeal">
            <summary>
              Consulta uma cadeia de caracteres localizada semelhante a Peso Ideal.
            </summary>
        </member>
        <member name="P:Avaliação_02.Properties.Idioma.txtPlano">
            <summary>
              Consulta uma cadeia de caracteres localizada semelhante a Plano.
            </summary>
        </member>
        <member name="P:Avaliação_02.Properties.Idioma.txtPressaoAlta">
            <summary>
              Consulta uma cadeia de caracteres localizada semelhante a Pressão Alta.
            </summary>
        </member>
        <member name="P:Avaliação_02.Properties.Idioma.txtProblemasCardiacos">
            <summary>
              Consulta uma cadeia de caracteres localizada semelhante a Problemas Cardíacos.
            </summary>
        </member>
        <member name="P:Avaliação_02.Properties.Idioma.txtQuadril">
            <summary>
              Consulta uma cadeia de caracteres localizada semelhante a Quadril.
            </summary>
        </member>
        <member name="P:Avaliação_02.Properties.Idioma.txtResenha">
            <summary>
              Consulta uma cadeia de caracteres localizada semelhante a Re-senha.
            </summary>
        </member>
        <member name="P:Avaliação_02.Properties.Idioma.txtRestricoes">
            <summary>
              Consulta uma cadeia de caracteres localizada semelhante a Restrições.
            </summary>
        </member>
        <member name="P:Avaliação_02.Properties.Idioma.txtSaida">
            <summary>
              Consulta uma cadeia de caracteres localizada semelhante a Saida.
            </summary>
        </member>
        <member name="P:Avaliação_02.Properties.Idioma.txtSalvar">
            <summary>
              Consulta uma cadeia de caracteres localizada semelhante a Salvar.
            </summary>
        </member>
        <member name="P:Avaliação_02.Properties.Idioma.txtSemestral">
            <summary>
              Consulta uma cadeia de caracteres localizada semelhante a Semestral.
            </summary>
        </member>
        <member name="P:Avaliação_02.Properties.Idioma.txtSenha">
            <summary>
              Consulta uma cadeia de caracteres localizada semelhante a Senha.
            </summary>
        </member>
        <member name="P:Avaliação_02.Properties.Idioma.txtSenha1">
            <summary>
              Consulta uma cadeia de caracteres localizada semelhante a Senha.
            </summary>
        </member>
        <member name="P:Avaliação_02.Properties.Idioma.txtSenha2">
            <summary>
              Consulta uma cadeia de caracteres localizada semelhante a Senha.
            </summary>
        </member>
        <member name="P:Avaliação_02.Properties.Idioma.txtTelefone">
            <summary>
              Consulta uma cadeia de caracteres localizada semelhante a Telefone.
            </summary>
        </member>
        <member name="P:Avaliação_02.Properties.Idioma.txtTorax">
            <summary>
              Consulta uma cadeia de caracteres localizada semelhante a Tórax.
            </summary>
        </member>
        <member name="P:Avaliação_02.Properties.Idioma.txtTrenos">
            <summary>
              Consulta uma cadeia de caracteres localizada semelhante a Treinos.
            </summary>
        </member>
        <member name="P:Avaliação_02.Properties.Idioma.txtTrimestral">
            <summary>
              Consulta uma cadeia de caracteres localizada semelhante a Trimestral.
            </summary>
        </member>
        <member name="P:Avaliação_02.Properties.Idioma.txtUf">
            <summary>
              Consulta uma cadeia de caracteres localizada semelhante a UF.
            </summary>
        </member>
        <member name="T:Avaliação_02.senha">
            <summary>
            Interação lógica para senha.xam
            </summary>
            <summary>
            senha
            </summary>
        </member>
        <member name="M:Avaliação_02.senha.InitializeComponent">
            <summary>
            InitializeComponent
            </summary>
        </member>
    </members>
</doc>
